Raw_Track_Title,Clean_Track_Title
"The Four Seasons, Concerto No. 1 for Violin, Strings and Cembalo, in E Major, Op. 8, Spring: I. III. Allegro",
"The Four Seasons, Op.8 (from 'Il cimento dell'armonia e dell'inventione'), Concerto No. 2 in G Minor, RV 315 (Op. 8 No. 2) 'L'estate': III. Presto",
"The Four Seasons, Violin Concerto No. 1 in E Major, RV 269 ""La primavera"": II. Largo",
"The Four Seasons, Concerto No. 2 in G Minor, RV 315 'L'estate': II. Adagio",
"Concerto For Violin And Strings in G Minor, Op. 8, No. 2, R.315 ""L'estate"": 1. Allegro non molto - Allegro",
﻿Violin Concerto Op.8 No.4 in f “L'Inverno” (Winter) RV 297: III. Allegro,
"Four Seasons, Op.8, Summer: Presto",
"Concerto for Violin and Strings in F Minor, Op. 8, No. 4, R.297 ""L'inverno"": 1. Allegro non molto",
"The Four Seasons, Concerto No. 1 in E Major, Op. 8, RV 269 ""Spring"": I. Allegro",
"The 4 Seasons: Violin Concerto in F Minor, Op. 8, No. 4, RV 297, ""L'inverno"" (Winter): II. Largo",
"Concerto No. 1 in E major, Op. 8, RV 269, "" Vivaldi La primavera"" (Spring) III. Allegro",
"Concerto in G minor, RV 315 L'Estate - Presto",
"The Four Seasons, Concerto in F Minor, Op. 8 No. 4, RV 297 ""Winter"": I. Allegro non molto",
"Die vier Jahreszeiten, Op. 8, Concerto No. 1 in E Major, RV 269 ""Der Frühling""",
"Concerto Nr.4 In F Minor Op. 8, No. 4, RV 297 - ""L'inverno"" (""Winter""):II. Largo",
"‘Le quattro stagioni’ (‘The Four Seasons’): Concerto, Op. 8 No. 3, RV 293 ‘L’autunno’ in F major (‘Autumn’): II. Adagio molto",
"The Four Seasons - Violin Concerto in F Minor, Op. 8, No. 4, RV 297 - ""Winter"": II. Largo",
"The Four Seasons (Le quattro stagioni), Op. 8 - Violin Concerto No. 2 in G Minor, RV 315, ""Summer"" (L'estate): III. Presto",
"Le quattro stagioni, Violin Concerto No. 4 in F Minor, RV 297 ""L'inverno"": I. Allegro non molto",
"Concerto No. 4 in F minor, Op. 8, RV 297, "" Vivaldi L'inverno"" (Winter) III. Allegro",
"The Four Seasons – Concerto in E Major, RV 269 ""Spring"": I. Allegro",
"The Four Seasons, Op. 8, Violin Concerto No. 4 in F Minor, RV 297 ""Winter"": III. Allegro",
"Concerto for Violin and Strings in F, Op. 8, No. 3, R. 293 - ""L'Autunno"": II. Adagio molto (Ubriachi dormienti)",
"Concerto for Violin and Strings in F minor, Op. 8, No. 4, R. 297 - ""L'Inverno"": I. Allegro non molto",
"The Four Seasons, Concerto for Violin, Strings and Continuo in G Minor, No. 2, Op. 8, Rv 315, “l’ Estate” (Summer): II. Adagio - Presto - Adagio",
"The 4 Seasons: Violin Concerto In F Minor, Op. 8, No. 4, RV 297, ""L'inverno"" (Winter): II. Largo (arr. for Flute and Harp)",
"Violin Concerto in G minor, ‘Summer’, op.8 no.2, rv 315 - Allegro non molto",
"The Four Seasons, Concerto No. 1 in E Major, Op. 8, RV 269 Spring: I. Allegro",
"Violin Concerto No. 1 in E Major, RV 269: II. Largo",
"The Four Seasons, Concerto in F Major, Op. 8 No. 3, RV 293 ""Autumn"": I. Allegro",
"The Four Seasons, Concerto in F Major, RV 293 ""Autumn"": II. Adagio molto",
"The Four Seasons, Op. 8, Violin Concerto No. 4 in F Minor, RV 297 ""Winter"": I. Allegro non molto",
"Concerto para Violín No.3 in F Major, Op. 8, RV 293 ""L’Autunno"": II. Adagio molto",
"Concerto para Violín No.2 in G Minor, Op. 8, RV 315 - ""L'Estate""",
"The Four Seasons, Violin Concerto in F Minor, Op. 8 No. 4, RV 297 ""Winter"": II. Largo",
"Concerto para Violín No.1 in E Major, Op. 8, RV 269 ""La Primavera"": I. Allegro",
"Concerto Nr.3 In F Major, Op. 8, No. 3, RV 293 - ""L'autnno"" (""Atumn""):  II. Adagio Molto",
"Concerto No.1 Spring, Largo",
Concerto in F major Op. 8 No. 3 ‘L’Autunno ’: III. Allegro,
"The Four Seasons -Violin Concerto in G Minor, RV 315, ""Summer"": I. Allegro non molto",
"The Four Seasons (Le Quattro Stagioni), Op. 8 - Concerto No. 4 for Violin and Strings in F Minor, ""Winter"", RV 297: III. Allegro",
"The Four Seasons, Concerto No. 3 in F Major, RV 293 ""Autumn"": II. Adagio molto (Umbriachi dormienti)",
"Concerto in F Major for Violín, String Orchestra, and Continuo, Op. 8, No. 3, RV 293, ""L' autunno"" (Otoño): III. Allegro",
"The Four Seasons, Concerto No. 2 in G Minor, RV 315 ""Summer"": II. Adagio - Presto",
"The Four Seasons, Concerto No. 3 in F, RV 293 'L'autunno': I. Allegro",
"Concerto para Violín No.1 in E Major, Op. 8, RV 269 ""La Primavera"": II. Largo",
"The Four Seasons - Violin Concerto in G Minor, Op. 8, No. 2, RV 269 - ""Summer"": I. Allegro non molto",
"Four Seasons, Op.8, Winter: Largo",
"Concerto No. 2 in G minor, Op. 8, RV 315, ""Summer"" (L'estate): Presto",
"Le Quattro Stagioni. Four Concertos for Violin and String Orchestra (Four Seasons)), Op. 8: Concerto No. 4 in F minor L' Inverno. I. Allegro non molto, RV 297",
"Concerto for Violin and Strings in E Major, Op. 8, No. 1, R. 269 ""La Primavera: "" I. Allegro",
"The Four Seasons, Violin Concerto in F Minor, Op. 8 No. 4, RV 297 ""Winter"": III. Allegro",
﻿Violin Concerto Op.8 No.2 in g “L'Estate” (Summer) RV 315: I. Allegro non molto,
"Four Seasons, Op.8, Autumn: Allegro",
MOVEMENTS FROM THE FOUR SEASONS: 1ST MOVEMENT OF SPRING,
"Concerto No. 4 in F Minor, Op. 8, RV 297 ""The Four Seasons - Winter"": II. Largo",
"Concerto For Violin And Strings In F Minor, Op.8, No.4, RV 297 ""L'inverno"": 1. Allegro non molto",
"The Four Seasons, Op.8 (from 'Il cimento dell'armonia e dell'inventione'), Concerto No. 2 in G Minor, RV 315 (Op. 8 No. 2) 'L'estate': I. Allegro non molto",
"Violin Concerto No. 1 in E Major, Op. 8, RV 269, ""Spring"": I. Allegro",
"The Four Seasons, Concerto No. 2 in G Minor, Op. 8, RV 315, Summer: I. Allegro non moto",
"The Four Seasons, Concerto No. 2 in G Minor, Op. 8, RV 315, Summer: III. Presto",
"Le quattro stagioni, Violin Concerto No. 3 in F Major, RV 293 ""L'autumno"": II. Adagio molto",
"Concerto Nr.3 In F Major, Op. 8, No. 3, RV 293 - ""L'autnno"" (""Atumn""): I. Allegro",
"Concerto No. 3 In F Major, Op. 8, RV 293, ""L'autunno"" (Autumn): I. Allegro",
"The Four Seasons, Concerto in E Major, Op. 8 No. 1, RV 269 ""Spring""",
"Concerto No. 1 in E Major, RV 269, ''La primavera'': I. Allegro",
L´Estate op. 8 No. 2: III. Allegro,
"Le quattro stagioni (The Four Seasons), Op. 8 - Concerto No. 2 in G Minor, RV 315, ""L'estat"" (Summer): II. Largo",
"The Four Seasons, Concerto No. 2 in G Minor, RV 315, Op. 8 No. 2 ""Summer"": I. Allegro non molto",
"Concerto Nr.4 In F Minor Op. 8, No. 4, RV 297 - ""L'inverno"" (""Winter""): I. Allegro Non Molto",
"The Four Seasons: Concerto No. 3 in F Major, RV 293, FI-24: ""Autumn"": I. Allegro",
"L'Autunno Violin Concerto in F Major, RV 293: II. Adagio molto",
"Die vier Jahreszeiten, Op. 8, Concerto No. 1 in E Major, RV 269 ""Der Frühling"": III. Allegro",
"Concerto for Violin and Strings in F Minor, Op. 8, No. 4, R. 297 ""L'inverno""",
"The Four Seasons, Concerto No. 2 in G Minor (L'estate - Summer), RV 315 (Op. 8, No. 2): II. Adagio",
Concerto in F major Op. 8 No. 3 ‘L’Autunno ’: I. Allegro,
"Concerto in G Major for Violín, String Orchestra and Continuo, Op. 8, No. 2, RV 315, ""L'estate"" (Verano): III. Presto",
"The Four Seasons - Violin Concerto in F Minor, RV 297 ""Winter"", Adapted for Violoncello: Allegro non molto",
"Le quattro stagioni, Violin Concerto No. 3 in F Major, RV 293 ""L'autumno"": I. Allegro",
﻿Violin Concerto Op.8 No.1 in E “La Primavera” (Spring) RV 269: II. Largo,
"Vier Jahreszeiten, Sommer: Tempo Impettuoso D'estate",
L´Inverno op. 8 No. 4: III. Allegro,
"Concerto No.4 In F Minor, Rv 297: No. I: Allegro Non Molto",
"The Four Seasons, Violin Concerto, Op. 8 No. 1–4: Summer, RV 315, Allegro non molto",
"The Four Seasons, Concerto No. 1 in E (La primavera - Spring), RV 269 (Op. 8, No. 1): II. Largo",
"Concerto in E minor, RV 269 La Primavera - Allegro",
"The Four Seasons, Concerto No. 2 in G Minor (L'estate - Summer), RV 315 (Op. 8, No. 2): I. Allegro",
The Four Seasons - Concerto No. 4 in F Minor Op. 8 No. 4 RV297 'Winter': I. Allegro non molto,
"Violin Concerto No. 2 in G Minor, Op. 8, RV 315 ""Summer"": II. Adagio",
"The Four Seasons, Violin Concerto, Op. 8 No. 1–4: Autumn, RV 293, Allegro",
"The 4 Seasons, Violin Concerto in F Major, Op. 8, No. 3, RV 293, ""L'autunno"": I. Allegro",
"Le quattro stagioni (The Four Seasons), Op. 8 - Concerto No. 2 in G Minor, RV 315, ""L'estate"" (Summer): III. Presto (Tempo impetuoso d'estate)",
"Concerto in F major, RV 293 L'Autunno - Adagio",
MOVEMENTS FROM THE FOUR SEASONS: 1ST MOVEMENT OF WINTER,
"Concerto For Violin And Strings In E Major, Op.8, No.1, RV 269 ""La Primavera""",
The Four Seasons - Concerto No. 3 in F Major Op. 8 No. 3 RV293 'Autumn': I. Allegro,
"Concerto For Violin And Strings In G Minor, Op.8, No.2, RV 315 ""L'estate"": 1. Allegro non molto - Allegro",
"The four Seasons, Winter, Op. 8/4: III. Allegro",
"Concerto para Violín No.4 in F Minor, Op. 8, RV 297 - ""L’Inverno""",
The Four Seasons: Spring Op.8 RV 269,
"Concerto for Violin and Strings in F Minor, Op.8, No.4, R.297 ""L'inverno"": 1. Allegro Non Molto",
"The 4 Seasons: Violin Concerto in F Minor, Op. 8, No. 4, RV 297, ""L'inverno"" (Winter): I. Allegro non molto",
"Violin Concerto No. 4 in F Minor, Op. 8, RV 297 ""Winter"": I. Allegro non molto",
"Violin Concerto in F Minor, RV 297, ""Winter"" from ""The Four Seasons"": III. Allegro",
"Concerto For Violin And Strings in F, Op. 8, No. 3, R.293 ""L'autunno"": 3. Allegro (La caccia)",
"Concerto No. 2 in G Minor: L'Estate ('Summer'), Op. 8, No. 2 / RV 315: III Presto (Tempo impettuoso d’Estate)",
"Concerto for Violin and Strings in F minor, Op. 8, No. 4, R. 297 - ""L'inverno""",
"Concerto for Violin and Strings in F, Op.8, No.3, R.293 ""L'autunno"": 3. Allegro (La Caccia)",
"The 4 Seasons: Violin Concerto in F major, Op. 8, No. 3, RV 293, ""L'autunno"" (Autumn): I. Allegro",
"Concerto for Violin and Strings in G minor, Op. 8, No. 2, R. 315 - ""L'Estate"": I. Allegro non molto - Allegro",
"Le quattro stagioni (The Four Seasons), Op. 8 - Concerto No. 1 in E Major, RV 269, ""La primavera"" (Spring): I. Allegro",
"Konzert Nr. 2 g-moll op. 8, RV 315: 1. Allegro Non Molto. Allegro",
"Concerto No.4 In F Minor, Rv 297: No. Iii: Allegro",
"The Four Seasons, Concerto No. 3 in F Major (L'autunno - Autumn), RV 293 (Op. 8, No. 3): III. Allegro",
"The Four Seasons, Spring, Op. 8 - 1: 1st Mvt: Allegro",
"Violin Concerto in G minor, ‘Summer’, op.8 no.2, rv 315 - Presto",
"Violin Concerto in G minor, RV 315 'L'estate' (""Summer"")",
"Concerto For Violin And Strings In F Major, Op.8, No.3, RV 293 ""L'autunno"": 1. Allegro (Ballo, e canto de' villanelli)",
"Spring from ""the Four Seasons""",
"Violin Concerto No. 3 in F Major, RV 293: II. Adagio molto",
"The Four Seasons, Concerto No. 1 in E, RV 269 'La primavera/Spring' (Op.8 No. 1): I. Allegro",
"The Four Seasons, Concerto for Violin, Strings and Continuo in F Minor, No. 4, Op. 8, Rv 297, “l’ Inverno” (Winter): III. Allegro",
"The 4 Seasons: Concerto in G minor, Op. 8, No. 2, RV 315, ""L'estate"" (Summer) (arr. A. Prado): II. Adagio - Presto",
"The Four Seasons, Concerto No. 4 in F Minor, RV 297 (Op.8 No. 4) 'L'inverno': I. Allegro non molto",
"Le quattro stagioni (The Four Seasons), Op. 8 - Concerto No. 2 in G Minor, RV 315, ""L'estate"" (Summer): I. Allegro non molto - Allegro",
"Concerto No.2 Summer, Adagio",
"The Four Seasons, Concerto No. 3 in F Major, RV 293, Op. 8 No. 3 ""Autumn"": II. Adagio molto",
"Le quattro stagioni, Violin Concerto No. 2 in G Minor, RV 315 ""L'estate"": I. Allegro non molto",
"The Four Seasons, Concerto No. 4 in F Minor, Op. 8, RV 297 Winter: II. Largo",
"The Four Seasons, Concerto No. 1 in E Major, RV 269, Op. 8, No. 1 ""Spring"": II. Largo",
"‘Le quattro stagioni’ (‘The Four Seasons’): Concerto, Op. 8 No. 4, RV 297 ‘L’inverno’ in F minor (‘Winter’): III. Allegro",
"Concerto No. 3 in F major, Op. 8, RV 293, "" Vivaldi L'autunno"" (Autumn) I. Allegro",
"Violin Concerto in E major, RV 269 'La primavera' (""Spring"")",
"The Four Seasons, Concerto No. 1 in E (La primavera - Spring), RV 269 (Op. 8, No. 1): III. Allegro",
"The Four Seasons, Concerto No. 1 in E Major, RV 269, Op. 8, No. 1 ""Spring"" (Arr. H. Oeler for Violin and Accordion)",
"The Four Seasons, Concerto No. 4 in F Minor, RV 297, Op. 8 No. 4 ""Winter"": II. Largo",
"The Four Seasons (Le Quattro Stagioni), Op. 8 - Concerto No. 4 for Violin and Strings in F Minor, ""Winter"", RV 297 (Arranged for Percussion): I. Allegro non molto",
"Four Seasons, Op.8, Autumn: Adagio molto",
"Concerto For Violin And Strings In G Minor, Op.8, No.2, RV 315 ""L'estate""",
"Violin Concerto in F Major, RV 293, ""Autumn"" from ""The Four Seasons"": II. Adagio",
"Die vier Jahreszeiten, Op. 8, Concerto No. 4 in F Minor, RV 297 ""Der Winter"": III. Allegro",
"Concerto No. 3 In F Major, Op. 8, RV 293, ""L'autunno"" (Autumn): III. Allegro",
"The 4 Seasons: Violin Concerto in F major, Op. 8, No. 3, RV 293, ""L'autunno"" (Autumn): II. Adagio molto",
"Four Seasons, Op.8, Summer: Adagio",
"L'Estate Violin Concerto in G Minor, RV 315: II. Adagio e piano - Presto e forte",
"The 4 Seasons: Concerto in F major, Op. 8, No. 3, RV 293, ""L'autunno"" (Autumn) (arr. A. Prado): II. Adagio molto",
"The Four Seasons, Violin Concerto in G Minor, Op. 8 No. 2, RV 315 ""Summer"": I. Allegro non moto",
"La Primavera Violin Concerto in E Major, RV 269: I. Allegro",
"Concerto para Violín No.2 in G Minor, Op. 8, RV 315 ""L'Estate"": II. Adagio - Presto",
"The Four Seasons Concerto No.1 in E Major Op. 8/RV 269 ""La Primavera"" (Spring)",
"Summer from Four Seasons, RV 315, III. Presto",
"The Four Seasons ""Spring"" in E Major, Op. 8: I. Allegro",
"L'Inverno Violin Concerto in F Minor, RV 297: III. Allegro",
"The Four Seasons, Concerto in G Minor, Op. 8 No. 2, RV 315 ""Summer"": II. Adagio - Presto",
"The Four Seasons, Concerto No. 4 in F Minor, RV 297 ""Winter""",
Allegro Non Molto (Summer - The Four Seasons Op 8 No 2),
"The four Seasons, Summer, Op. 8/2: II. Adagio",
"The 4 Seasons: Violin Concerto in G minor, Op. 8, No. 2, RV 315, ""L'estate"" (Summer): I. Allegro non molto",
"The four seasons, Autumn, Op. 8/3: II.Adagio",
"The Four Seasons, Concerto in F Major, RV 293 ""Autumn"": I. Allegro",
"Violin Concerto in F Minor, RV 297 ""Winter""",
"Violin Concerto No. 2 in G Minor, Op. 8, RV 315 ""Summer"": I. Allegro non molto",
"The 4 Seasons: Violin Concerto in E major, Op. 8, No. 1, RV 269, ""La primavera"" (Spring): The Four Seasons: Violin Concerto in E major, Op. 8, No. 1, RV 269, ""Spring"": I. Allegro",
"The Four Seasons, Concerto No. 1 in E, RV 269 'La primavera/Spring' (Op.8 No. 1): III. Allegro",
Largo (Winter - The Four Seasons Op 8 No 4),
"The Four Seasons, Concerto in G Minor, Op. 8 No. 2, RV 315 ""Summer"": I. Allegro non moto",
"The Four Seasons ""Spring"": Allegro",
"Konzert Nr. 1 E-Dur op. 8, RV 269: 3. Allegro",
"The Four Seasons, Violin Concerto, Op. 8 No. 1–4: Spring, RV 269, Allegro",
Four Seasons: Spring (Live),
"Concerto in F Minor for Violín, String Orchestra and Continuo, Op. 8, No. 4, RV 297 ""L' inverno"" (Invierno): III. Allegro",
"The Four Seasons, Concerto No. 1 in E (La primavera/ Spring) RV269 (Op. 8 No. 1)",
"The Four Seasons, Violin Concerto in G Minor, Op. 8 No. 2, RV 315 ""Summer"": III. Presto",
"The 4 Seasons: Concerto in E major, Op. 8, No. 1, RV 269, ""La primavera"" (Spring) (arr. A. Prado): I. Allegro",
"The Four Seasons, Concerto No. 1 in E Major, Op. 8, RV 269, ""La primavera"" (Spring): I. Allegro",
L´Inverno op. 8 No. 4: II. Largo,
"The Four Seasons, Violin Concerto in E Major, RV 269 ""Spring"": I. Allegro",
"Violin Concerto in E Major, Op. 8 No. 1, RV 269",
"The Four Seasons, Concerto No. 3 in F Major, Op. 8, RV 293 Autumn: III. Allegro",
"Concerto for Violin and Strings in E, Op.8, No.1, R.269 ""La Primavera"": 2. Largo",
"Concerto No. 2 in G Minor, RV 315, 'L'estate': III. Presto",
Autumn ( L’Autunno ) / Allegro: Autumn ( L’Autunno ) / Allegro,
"Konzert Nr. 4 f-moll op. 8, RV 297: 2. Largo",
"Concerto No.2 Summer, Allegro Non Molto",
"Concerto No.1 In e Major, Op. 8, No. 1, RV 269 - ""La Primavera"" (""Spring""): II. Largo",
"Violin Concerto No. 4 in F Minor, RV 297: I. Allegro non molto",
"The Four Seasons, Concerto No. 2 in G Minor, RV 315 ""Summer"": III. Presto (Tempo impetuoso d""estate)",
"The 4 Seasons: Violin Concerto in G minor, Op. 8, No. 2, RV 315, ""L'estate"" (Summer): II. Adagio",
"The Four Seasons - Violin Concerto in F Major, RV 293, ""Autumn"": II. Adagio molto",
"The Four Seasons, Op. 8, Violin Concerto No. 4 in F Minor, RV 297 ""Winter""",
"The Four Seasons (Le quattro stagioni), Op. 8 - Violin Concerto No. 2 in G Minor, RV 315, ""Summer"" (L'estate): II. Adagio - Presto - Adagio",
"Concerto No.4 Winter, Allegro",
"The Four Seasons, Concerto No. 1 in E Major, Op. 8, RV 269 Spring: III. Danza pastorale. Allegro",
"The 4 Seasons: Violin Concerto in E major, Op. 8, No. 1, RV 269, ""La primavera"" (Spring) : The Four Seasons: Violin Concerto, Op. 8, No. 1, RV 269, ""Spring"": I. Allegro",
Autumn the third movement<four seasons,
"Spring - I. Allegro (from The Four Seasons, Concerto in E Major, RV 269, Op. 8, No. 1) [Instrumental]",
"Konzert Nr. 3 F-Dur op. 8, RV 293: 1. Allegro. Allegro Assai",
Le Quattro Stagioni (The Four Seasons): La primavera (Spring): II. Largo,
"Concert No. 2 in G Minor, Op. 8, RV 315, ""L'estate"" (Summer): I. Allegro non molto",
"Winter from The Four Seasons, Op. 8, R269 (Arr. by Jean-Pierre Rampal): 2. Largo",
"Violin Concerto in E Major, RV 269: III. Danza pastorale (arr. Sverre Indris Joner)",
La Primavera op. 8 No. 1: I. Allegro,
"Concerto No. 1 in E Major: La Primavera (‘Spring’), Op. 8, No. 1 / RV 269: Allegro (Danza Pastorale)",
"Le quattro stagione, Concerto No. 3 in F Major, RV 293 ""L'autunno"": III. Allegro (La caccia)",
Le Quattro Stagioni (The Four Seasons): L'inverno (Winter): II. Largo,
"The Four Seasons, Concerto No. 4 in F Minor, RV 297, Op. 8 No. 4 ""Winter"": I. Allegro non molto",
"The Four Seasons - Violin Concerto in F Major, Op. 8, No. 3, RV 293 - ""Autumn"": III. Allegro",
"Concerto For Violin And Strings In F Major, Op.8, No.3, RV 293 ""L'autunno""",
Le Quattro Stagioni (The Four Seasons): L'estate (Summer): III. Presto,
"The Four Seasons, Violin Concerto in G Minor, RV 315, ""Summer"": II. Adagio e Piano - Presto e forte",
"Concerto for Violin and Strings in G Minor, Op.8, No.2, R.315 ""L'estate"": 1. Allegro Non Molto -",
Autumn ( L’Autunno ) / Adagio molto: Autumn ( L’Autunno ) / Adagio molto,
"Concerto No. 1 in E Major, RV 269, ''La primavera'': II. Largo",
"Four Seasons, Op.8, Summer: Allegro",
"Concert No. 3 in F Major, Op. 8, RV 293, ""L'autunno - Danza pastorale"" (Autumn): III. Allegro",
"Concert No. 2 in G Minor, Op. 8, RV 315, ""L'estate"" (Summer): II. Adagio",
"The Four Seasons, Concerto in F Major, Op. 8 No. 3, RV 293 ""Autumn"": III. Allegro",
"The Four Seasons, ''Winter'' 2nd Mov. /The Classic",
"The Four Seasons, Concerto No. 4 in F Minor, RV 297 ''L'inverno'': III. Allegro",
"Violin Concerto in E Major, RV 269, ""Spring"" from ""The Four Seasons"": I. Allegro",
"Violin Concerto No. 1 in E Major, Op. 8, RV 269, ""Spring"": II. Largo",
"The four Seasons, Summer, Op. 8/2",
"The 4 Seasons, Violin Concerto in F Major, Op. 8, No. 3, RV 293, ""L'autunno"": III. Allegro",
Le Quattro Stagioni (The Four Seasons): L'autunno (Autumn): III. Allegro,
"The Four Seasons, Concerto No. 1 in E Major (La Primavera - Spring), RV 269 (Op. 8, No. 1): I. Allegro",
"Konzert Nr. 1 E-Dur op. 8, RV 269: 2. Largo",
"Concerto in E Major for Violín, String Orchestra and Continuo, Op. 8, No. 1, RV 269 ""La Primavera"" (Spring): I. Allegro",
"The Four Seasons, Concerto for Violin, Strings and Continuo in F Major, No. 3, Op. 8, Rv 293, “l’ Autunno” (Autumn): II. Adagio Molto",
"Der Winter, Op. 8, RV 297",
"The Four Seasons, Winter, Op. 8 - 4: 3rd Mvt: Allegro",
"Concerto in E minor, RV 269 La Primavera - Largo",
"Concerto for Violin in F Major, Op. 8, No 3, RV 293 ""Autumn"": II. Adagio molto",
"Concerto No. 4 in F Minor, RV 297, Op. 8, ""L'inverno"": II. Largo",
"The Four Seasons - Violin Concerto in G Minor, Op. 8, No. 2, RV 269 - ""Summer"": III. Presto (Arranged for expanded Orchestra)",
"Concerto for Violin and Strings in E, Op.8, No.1, R.269 ""La Primavera"": 3. Allegro (Danza Pastorale)",
"Concerto No. 4 in F Minor: L'Inverno ('Winter'), Op. 8, No. 4 / RV 297: III Allegro",
"Konzert Nr. 4 f-moll op. 8, RV 297: 1. Allegro Non Molto",
"The 4 Seasons, Violin Concerto in F Minor, Op. 8, No. 4, RV 297, ""L'inverno"" (Winter) [Excerpt]",
"The Four Seasons, Violin Concerto No. 4 in F Minor, RV. 297 'L'inverno/Winter': II. Largo",
"The 4 Seasons: Violin Concerto in G Minor, Op. 8, No. 2, RV 315, ""L'estate"" (Summer)",
"Concerto for Violin in G Minor, Op. 8, No 2, RV 315 ""L'estate"": II. Largo",
"The Four Seasons, Violin Concerto No. 2 in G Minor, RV 315 ""L'estate"": III. Tempo impetuoso d'estate. Presto",
"Le quattro stagioni (The Four Seasons), Op. 8 - Concerto No. 2 in G Minor, RV 315, ""L'estate"" (Summer): III. Presto",
"Concerto No. 4 in F Minor: L'Inverno ('Winter'), Op. 8, No. 4 / RV 297: II Largo",
Le Quattro Stagioni (The Four Seasons): La primavera (Spring): I. Allegro,
"‘Le quattro stagioni’ (‘The Four Seasons’): Concerto, Op. 8 No. 3, RV 293 ‘L’autunno’ in F major (‘Autumn’): III. Allegro",
"The Four Seasons, Violin Concerto, Op. 8 No. 1–4: Autumn, RV 293, Adagio",
"Concerto for Violin in E Major, Op. 8, No 1, RV 269 - ""Spring"": II. Largo",
"The Four Seasons, Concerto No. 2 in G Minor, RV 315, Op. 8 No. 2 ""Summer"" (Arr. H. Oeler for Violin and Accordion)",
"The Four Seasons, ''Spring'' 1st Mov. (Hotelier)",
"The Four Seasons, Concerto No. 2 in G Minor, RV 315 ""Summer"": I. Allegro non molto",
"Concerto For Violin And Strings In F Major, Op.8, No.3, RV 293 ""L'autunno"": 3. Allegro (La caccia)",
"Die vier Jahreszeiten, Op. 8, Concerto No. 2 in G Minor, RV 315 ""Der Sommer"": I. Allegro non molto",
L´Autunno op. 8 No. 3: I. Allegro,
"Concerto for Violin and Strings in F, Op.8, No.3, R.293 ""L'autunno"": 2. Adagio Molto (Ubriachi Dormienti)",
"Concerto for Violin and Strings in E, Op.8, No.1, R.269 ""La Primavera"": 1. Allegro",
"Violin Concerto in F Minor, RV 297: I. Allegro non molto (arr. Sverre Indris Joner)",
"The Four Seasons - Violin Concerto in E Major, Op. 8, No. 1, RV 269 - ""Spring"": II. Largo e pianissimo sempre",
"Concerto in F Minor for Violin, String Orchestra and Continuo, Op. 8, No. 4, RV 297, ""L'inverno"" (Winter): II. Largo",
The Four Seasons - Concerto No. 1 in E Major Op. 8 No. 1 RV269 'Spring': I. Allegro,
"Violin Concerto in F minor, ‘Winter’, op.8 no.4, rv 297 - Allegro",
"The Four Seasons (Le quattro stagioni), Op. 8 - Violin Concerto No. 2 in G Minor, RV 315, ""Summer"" (L'estate): I. Allegro non molto - Allegro",
﻿Violin Concerto Op.8 No.3 in F “L'Autunno” (Autumn) RV 293: I. Allegro,
"The Four Seasons, Concerto No. 1 in E Major, Op. 8, RV 269 ""Spring"": II. Largo e pianissimo sempre",
Spring the first movement<four seasons >,
"‘Le quattro stagioni’ (‘The Four Seasons’):Concerto, Op. 8 No. 1, RV 269 ‘La primavera’ in E major (‘Spring’): I. Allegro",
The Four Seasons - Concerto No. 2 in G Minor Op. 8 No. 2 RV315 'Summer': I. Allegro ma non molto,
"Concerto No.1 Spring, Allegro",
"The Four Seasons - Violin Concerto in F Major, Op. 8, No. 3, RV 293 - ""Autumn""",
"Le Quattro Stagioni, L'inverno, Concerto No. 4, in F minor: Largo",
"Concerto in C major Op. 8 No. 1 for Musette , Two Violins and Bass Continuo ‘La Primavera': II. Adagio sempre piano",
"The Four Seasons (Le Quattro Stagioni), Op. 8 - Concerto No. 1 for Violin and Strings in E Major, ""Spring"", RV 269 (Arranged for Percussion): I. Allegro",
"Concerto in F Major for Violín, String Orchestra, and Continuo, Op. 8, No. 3, RV 293, ""L' autunno"" (Otoño): I. Allegro",
Summer ( L’ Estate ) / Adagio - Presto - Adagio: Summer ( L’ Estate ) / Adagio - Presto - Adagio,
Winter ( L’Ineverno ) / Allegro: Winter ( L’Ineverno ) / Allegro,
"Le quattro stagioni (The Four Seasons), Op. 8 - Concerto No. 4 in F Minor, RV 297, ""L'inverno"" (Winter): II. Largo",
"The Four Seasons - Violin Concerto in E Major, Op. 8, No. 1, RV 269 - ""Spring"": III. Danza Pastorale (Allegro)",
"Concerto No. 1 In e Major, Op. 8, RV 269, ""La Primavera"" (Spring): II. Largo",
"Concerto for Violin and Strings in F Minor, Op. 8, No. 4, R. 297 ""L'inverno"": II. Largo",
"Concert No. 4 in F Minor, Op. 8, RV 297, ""L'inverno"" (Winter): II. Largo",
"Konzert Nr. 2 g-moll op. 8, RV 315: 3. Presto",
"The Four Seasons, Concerto No. 1 in E Major, RV 269 ""Spring"": II. Largo",
Winter ( L’Ineverno ) / Allegro non molto: Winter ( L’Ineverno ) / Allegro non molto,
"Le quattro stagioni (The Four Seasons), Op. 8, Concerto No. 1 in E Major, RV 269, ""La primavera"" [Spring]: I. Allegro",
"The Four Seasons, Violin Concerto in E Major, Op. 8 No. 1, RV 269 ""Spring"": III. Danza pastorale. Allegro",
The Four Season: Summer: I. Allegro non Molto,
"Violin Concerto No. 3 in F Major, RV 293: I. Allegro - Larghetto - Allegro assai",
"Concerto For Violin And Strings in E, Op. 8, No. 1, RV 269 ""La Primavera"": 1. Allegro",
"The Four Seasons, Op. 8 – Violin Concerto No. 2 in G Minor, RV 315, “Summer” – Arranged for 2 violins and piano: III. Presto",
"The 4 Seasons: Violin Concerto in F minor, Op. 8, No. 4, RV 297, ""L'inverno"" (Winter): III. Allegro",
"‘Le quattro stagioni’ (‘The Four Seasons’): Concerto, Op. 8 No. 2, RV 315 ‘L’estate’ in G minor (‘Summer’): I. Allegro non molto",
"Le quattro stagioni (The Four Seasons), Op. 8 - Concerto No. 1 in E Major, RV 269, ""La primavera"" (Spring): III. Danza pastorale: Allegro",
"The Four Seasons, Op. 8, RV. 269: I, Allegro - Spring",
"The Four Seasons - Violin Concerto in E Major, Op. 8, No. 1, RV 269 - ""Spring"": I. Allegro",
"Concerto No. 4 in F Minor, Op. 8, RV 297, ""The Four Seasons - Winter"": I. Allegro non molto",
"The Four Seasons, Concerto No. 3 in F Major, Op. 8, RV 293, ""L'autunno"" (Autumn): I Allegro",
"Concerto No.4 Winter, Largo",
"Le quattro stagione (The Four Seasons), Op. 8, Concerto No. 4 in F Minor, RV 297 ""L'inverno"" [Winter]: II. Largo",
"Violin Concerto in F minor, RV 297 'L'inverno' (""Winter"")",
﻿Violin Concerto Op.8 No.4 in f “L'Inverno” (Winter) RV 297: I. ﻿Allegro non molto,
"Le quattro stagioni, L’autunno: I. Allegro",
"La Primavera Violin Concerto in E Major, RV 269: III. Danza pastorale",
"The Four Seasons, Concerto No. 1 for Violin, Strings and Cembalo, in E Major, Op. 8, Spring: I. II. Largo",
"Concerto for Violin and Strings in F Minor, Op.8, No.4, R.297 ""L'inverno""",
"Concerto para Violín No.3 in F Major, Op. 8, RV 293 ""L’Autunno"": III. Allegro",
"Violin Concerto in F minor, ‘Winter’, op.8 no.4, rv 297 - Allegro non molto",
"The 4 Seasons: Concerto in F major, Op. 8, No. 3, RV 293, ""L'autunno"" (Autumn) (arr. A. Prado): III. Allegro",
"The 4 Seasons: Concerto in F minor, Op. 8, No. 4, RV 297, ""L'inverno"" (Winter) (arr. A. Prado): III. Allegro non molto",
"Violin Concerto No. 3 in F Major, RV 293: III. Allegro",
Summer ( L’ Estate ) / Presto: Summer ( L’ Estate ) / Presto,
"Concerto for Violin and STrings in E, Op. 8, No. 1, R. 269 - ""La Priavera"": I. Allegro",
Le Quattro Stagioni (The Four Seasons): L'estate (Summer): I. Allegro non molto,
The Four Seasons - Concerto No. 2 in G Minor Op. 8 No. 2 RV315 'Summer': II. Adagio,
"The Four Seasons, Concerto for Violin, Strings and Continuo in G Minor, No. 2, Op. 8, Rv 315, “l’ Estate” (Summer): III. Presto",
"The Four Seasons, Op.8 (from 'Il cimento dell'armonia e dell'inventione'), Concerto No. 2 in G Minor, RV 315 (Op. 8 No. 2) 'L'estate': II. Adagio",
"The four seasons, Autumn, Op. 8/3: III.Allegro (La caccia)",
"Die vier Jahreszeiten, Op. 8, Concerto No. 1 in E Major, RV 269 ""Der Frühling"": II. Largo e pianissimo sempre",
"Le quattro stagioni (The Four Seasons), Op. 8, Concerto No. 2 in G Minor, RV 315, ""L'estate"" [Summer]: III. Presto [Tempo impetuoso d'estate]",
Le Quattro Stagioni (The Four Seasons): L'autunno (Autumn): I. Allegro,
"Concerto No. 1 in E Major, Op. 8:II Largo ""La primavera"" (Spring)",
"The Four Seasons, Concerto No. 4 in F Minor, Op. 8, RV 297, ""L'inverno"" (Winter): II. Largo",
"The Four Seasons (Le Quattro Stagioni), Op. 8 - Concerto No. 4 for Violin and Strings in F Minor, ""Winter"", RV 297: I. Allegro non molto",
"Violin Concerto in e major, ‘Spring’, op.8 no.1, rv 269 - Allegro",
"The 4 Seasons: Violin Concerto In F Major, Op. 8, No. 3, RV 293, ""L'autunno"" (Autumn) (arr. for Wind Quintet): III. Allegro",
"The Four Seasons, Spring, Op. 8 - 1: 3rd Mvt: Allegro",
"Concerto No. 4 in F minor, Op. 8, RV 297, ""Winter"" (L'inverno): Largo",
Summer Op.8 RV 315,
"Concerto No. 4 in F Minor, Op. 8, RV 297, ""L'inverno"" (Winter)",
"The Four Seasons, Violin Concerto No. 4 in F Minor, RV 297 ""Winter"": III. Allegro",
"The Four Seasons, Concerto No. 3 in F Major (L'autunno - Autumn), RV 293 (Op. 8, No. 3): II. Adagio Molto",
"Concerto, Op. 8, No. 3 ""L'Autumno"": III. Allegro",
"The Four Seasons, Concerto No. 1 in E Major (La Primavera - Spring), RV 269 (Op. 8, No. 1): II. Largo",
"Concerto No. 1 in E major, Op. 8, RV 269, ""Vivaldi La primavera"" (Spring) I. Allegro",
﻿Violin Concerto Op.8 No.3 in F “L'Autunno” (Autumn) RV 293: III. Allegro,
"Concerto For Violin And Strings in E, Op. 8, No. 1, R.269 ""La Primavera"": 2. Largo",
"The Four Seasons, Violin Concerto in G Minor, RV 315 ""Summer"": III. Presto, tempo impetuoso d'estate",
"Violin Concerto No. 4 in F Minor, Op. 8 No. 4 'Winter': II - Largo",
"The Four Seasons, Op. 8, Violin Concerto No. 4 in F Minor, RV 297 ""Winter"": II. Largo",
"Concerto No. 2 In G Minor, Op. 8, RV 315, ""L'estate"" (Summer): III. Presto; Tempo Impetuoso D'Estate",
"Concerto for Violin and Strings in E, Op.8, No.1, R.269 ""La Primavera""",
"Concerto For Violin And Strings In G Minor, Op.8, No.2, RV 315 ""L'estate"": 3. Presto (Tempo impetuoso d'estate)",
L´Autunno op. 8 No. 3: II. Adagio molto,
"The Four Seasons, Violin Concerto No. 2 in G Minor, RV 315 ""Summer"": I. Allegro non molto",
﻿Violin Concerto Op.8 No.3 in F “L'Autunno” (Autumn) RV 293: II. Adagio molto,
"Concert No. 4 in F Minor, Op. 8, RV 297, ""L'inverno"" (Winter): III. Allegro",
"Concerto No. 3 in F Major: L'Autunno ('Autumn'), Op. 8, No. 3 / RV 293: II Allegro (La Caccia)",
"Violin Concerto in E Major, ""Spring"", Op. 8 No. 1, RV 269: I. Allegro",
"Concerto For Violin And Strings In G Minor, Op.8, No.2, RV 315 ""L'estate"": 2. Adagio - Presto - Adagio",
"The Four Seasons, Concerto No. 1 in E Major, Op. 8, RV 269 ""Spring""",
"Concerto for Violin and Strings in G minor, Op. 8, No. 2, R. 315 - ""L'Estate"": II. Adagio - Presto - Adagio",
"Concerto No. 2 in G minor, Op. 8, RV 315, "" Vivaldi L'estate"" (Summer) II. Adagio",
"The Four Seasons, Concerto No. 1 in E Major, Op. 8, RV 269 Spring: II. Largo e pianissimo sempre",
"Die vier Jahreszeiten, Op. 8, Concerto No. 2 in G Minor, RV 315 ""Der Sommer"": III. Presto",
"Concerto No. 2 in G minor, Op. 8, RV 315, "" Vivaldi L'estate"" (Summer) III. Presto",
"The Four Seasons, Autumn, Op. 8/3: I.Allegro (Ballo e Canto Villanelli)",
"The Four Seasons -Violin Concerto in G Minor, RV 315, ""Summer"": II. Adagio - Presto",
"Dört Mevsim, Konçerto No. 4 in F Minor, RV 297 ""Kış""",
"The Four Seasons, Concerto No. 4 in F Minor, Op. 8, RV 297 ""Winter"": II. Largo",
"The Four Seasons, Concerto for Violin, Strings and Continuo in F Major, No. 3, Op. 8, Rv 293, “l’ Autunno” (Autumn): I. Allegro",
"The four seasons, Spring, Op. 8/1: II. Largo e pianissimo sempre",
Concerto in G minor Op. 8 No. 2 'L’Estate ': I. Allegro non Molto,
"Concerto for Violin and Strings in F, Op.8, No.3, R.293 ""L'autunno""",
"The Four Seasons - Violin Concerto in E Major, RV 269, ""Spring""",
"The Four Seasons, Violin Concerto in G Minor, RV 315 ""Summer"": I. Allegro",
"The Four Seasons: Violin Concerto in E Major, RV 269, ""Spring"": III. Allegro",
"The Four Seasons, Concerto No. 4 in F Minor, RV 297 ""Winter"": II. Largo",
"La Primavera Violin Concerto E major, RV 269: II. Largo",
"Violin Concerto in F Major, RV 293, ""Autumn"" from ""The Four Seasons"": I. Allegro. Ballo e canto villanelli",
"Concerto No. 4 In F Minor, Op. 8, RV 297, ""L'inverno"" (Winter): III. Allegro",
"The Four Seasons, Summer, Op. 8/2: III. Presto. Tempo Impettuoso D'Estate",
"The Four Seasons, Concerto for Violin, Strings and Continuo in E Major, No. 1, Op. 8, Rv 269, “la Primavera” (Spring): I. Allegro",
"The Four Seasons, Concerto No. 4 in F Minor, RV 297 ""Winter"": I. Allegro non molto",
"Violin concerto in F Major, ‘Autumn’, op.8 no.3, rv 293 -Allegro",
"Concerto For Violin And Strings In F, Op.8, No.3, RV 293 ""L'autunno"": 2. Adagio molto (Ubriachi dormienti)",
"The 4 Seasons: Violin Concerto in F Major, Op. 8, No. 3, RV 293, ""L'autunno"" (Autumn)",
"Concerto No.1 In e Major, Op. 8, No. 1, RV 269 - ""La Primavera"" (""Spring""): I. Allegro",
"Concerto for Violin and Strings in E, Op. 8, No. 1, R. 269 ""La Primavera"": I. Allegro",
"Concerto Nr.2 In G Minor, Op. 8, No. 2, RV315 - ""L'estate"" (""Summer""):  III. Presto",
"Concerto No. 2 in G minor, Op. 8, RV 315, "" Vivaldi L'estate"" (Summer) I. Allegro non molto",
"Concerto No. 4 in F Minor, RV 297, 'L'inverno': I. Allegro non molto",
"Concerto No. 4 In F Minor, Op. 8: RV 297, L'inverno (Winter). La",
"Summer from Four Seasons, RV 315, I. Allegro non molto",
"The 4 Seasons: Violin Concerto In F Major, Op. 8, No. 3, RV 293, ""L'autunno"" (Autumn) (arr. for Wind Quintet): I. Allegro",
"The four seasons, Spring, Op. 8/1",
"Violin Concerto No. 4 in F Minor, Op. 8, RV 297 ""Winter"": II. Largo",
"The Four Seasons, Spring, Op. 8/1, RV.269:I. Allegro [As heard in the film ""Beginners""]",
The Four Seasons - Concerto No. 1 in E Major Op. 8 No. 1 RV269 'Spring': II. Largo e pianissimo,
"The Four Seasons, Violin Concerto No. 1 in E Major, RV 269 ""Spring"": II. Largo e pianissimo sempre",
"Concerto No. 1 in E major, Op. 8, RV 269, ""Spring"" (La primavera): Allegro",
"Antonio Vivaldi: Concerto in G-moll, op. 8, N 2, RV 325, L'estate",
"The Four Seasons, Violin Concerto No. 4 in F Minor, RV 297 ""L'inverno"": III. Allegro",
"Concerto No. 4 in F minor, Op. 8, RV 297, "" Vivaldi L'inverno"" (Winter) I. Allegro non molto",
"The Four Seasons - Violin Concerto in E Major, RV 269, ""Spring"": II. Largo e pianissimo sempre",
MOVEMENTS FROM THE FOUR SEASONS: 2ND MOVEMENT OF WINTER,
"Concerto For Violin And Strings In E, Op.8, No.1, RV.269 ""La Primavera"": 1. Allegro (Live)",
"The Four Seasons - Violin Concerto in F Major, Op. 8, No. 3, RV 293 - ""Autumn"": II. Adagio molto (Arranged for expanded Orchestra)",
"Concerto for Violin and Strings in G Minor, Op. 8, No. 2, R.315 ""L'estate"": 3. Presto (Tempo impetuoso d'estate)",
"L'Inverno Violin Concerto in F Minor, RV 297: II. Largo",
"Violin Concerto No. 1 in E Major, Op. 8, RV 269, ""Spring"": III. Danza pastorale",
"The Four Seasons, Concerto in F Minor, Op. 8 No. 4, RV 297 ""Winter""",
"The 4 Seasons: Violin Concerto In F Major, Op. 8, No. 3, RV 293, ""L'autunno"" (Autumn) (arr. for Wind Quintet): II. Adagio Molto",
"Violin Concerto in F Minor, RV 297, ""Winter"" from ""The Four Seasons"": I. Allegro non molto",
"The Four Seasons, Violin Concerto No. 3 in F Major, RV 293 ""L'autuno""",
"The Four Seasons - Violin Concerto in E Major, Op. 8, No. 1, RV 269 - ""Spring"": III. Danza Pastorale (Allegro) [Arranged for expanded Orchestra]",
"The Four Seasons, Spring, Op. 8 - 1: 2nd Mvt: Largo e Pianissimo Sempre",
"The Four Seasons, Violin Concerto in E Major, Op. 8 No. 1, RV 269 ""Spring"": II. Largo e pianissimo sempre",
"The four Seasons, Summer, Op. 8/2: I. Allegro non molto",
"The Four Seasons, Violin Concerto, Op. 8 No. 1–4: Winter, RV 297, Largo",
"Concerto For Violin And Strings in G Minor, Op. 8, No. 2, R.315 ""L'estate"": 2. Adagio - Presto - Adagio",
"Concerto No. 2 In G Minor, Op. 8, RV 315, ""L'estate"" (Summer): I. Allegro Non Molto",
"The Four Seasons, Concerto for Violin, Strings and Continuo in E Major, No. 1, Op. 8, Rv 269, “la Primavera” (Spring): II. Largo",
"Concerto No. 2 in G Minor: L'Estate ('Summer'), Op. 8, No. 2 / RV 315: II Adagio",
"The 4 Seasons: Violin Concerto in G minor, Op. 8, No. 2, RV 315, ""L'estate"" (Summer): III. Presto",
"Summer from Four Seasons, RV 315, II. Adagio",
"Konzert Nr. 1 E-Dur op. 8, RV 269: 1. Allegro",
Concerto in F minor Op. 8 No. 4 ‘L’Inverno ’: II. Largo,
"Concerto in G minor, RV 315 L'Estate  - Adagio",
"The four seasons, Spring, Op. 8/1: III. Allegro",
"L'Autunno Violin Concerto in F Major, RV 293: III. Allegro",
"Concerto for Violin and Strings in F Minor, Op. 8, No. 4, R. 297 ""L'inverno"": I. Allegro non molto",
"Concert No. 1 in E Major, Op. 8, RV 269, ""La primavera"" (Spring): II. Largo",
"The Four Seasons Concerti Grossi, Op. 8: Nos 1-4",
"Le quattro stagioni (The Four Seasons), Op. 8 - Concerto No. 4 in F Minor, RV 297, ""L'inverno"" (Winter): I. Allegro non molto",
"Concerto No. 4 In F Minor, Op. 8, RV 297, ""L'inverno"" (Winter): II. Largo",
"Concerto No. 2 In G Minor, Op. 8, RV 315, ""L'estate"" (Summer): III. Presto",
"Concerto No.3 Autumn, Adagio Molto",
"Violin Concerto No. 1 in E Major, RV 269: I. Allegro",
"The Four Seasons, Concerto No. 2 in G Minor, RV 315 ""Summer""",
"Concerto No. 2 in G Minor, RV 315, 'L'estate': I. Allegro non molto",
"Concerto For Violin And Strings In F, Op.8, No.3, RV 293 ""L'autunno"": 1. Allegro (Ballo, e canto de' villanelli)",
Sonetti Autunno / Inverno,
"Concerto No. 4 in F Minor, RV 297, 'L'inverno': II. Largo",
"Le quattro stagioni (The Four Seasons), Op. 8 - Concerto No. 2 in G Minor, RV 315, ""L'estate"" (Summer): II. Adagio - Presto - Adagio",
"The Four Seasons, Concerto No. 4 in F Minor, RV 297 (Op.8 No. 4) 'L'inverno': III. Allegro",
"The Four Seasons, Autumn, Op. 8 - 3: III. Allegro (La Caccia)",
"The Four Seasons (Le Quattro Stagioni), Op. 8 - Concerto No. 4 for Violin and Strings in F Minor, ""Winter"", RV 297: II. Largo",
"Die vier Jahreszeiten, Op. 8, Concerto No. 4 in F Minor, RV 297 ""Der Winter"": I. Allegro non molto",
"The Four Seasons - Violin Concerto in E Major, RV 269, ""Spring"": I. Allegro",
"Concerto No. 3 in F major, Op. 8, RV 293, ""Autumn"" (L'autunno): Adagio molto",
"L'Autunno Violin Concerto in F Major, RV 293: I. Allegro",
"The Four Seasons, Concerto No. 4 in F Minor, Op. 8, RV 297 Winter: I. Allegro non molto",
"The Four Seasons, Concerto No. 1 in E (La primavera/ Spring) RV269 (Op. 8 No. 1): II. Largo",
"Le quattro stagioni, Violin Concerto No. 2 in G Minor, RV 315 ""L'estate"": III. Presto",
"Le quattro stagione (The Four Seasons), Op. 8, Concerto No. 4 in F Minor, RV 297 ""L'inverno"" [Winter]: I. Allegro non molto",
L´Autunno op. 8 No. 3: III. Allegro,
"Il Cimento Dell'armonia E Dell'inventione, Concerto No. 1 Rv297: II. Largo ""La Primavera""",
"Concerto No. 4 in F minor, Op. 8, RV 297, "" Vivaldi L'inverno"" (Winter) II. Largo",
MOVEMENTS FROM THE FOUR SEASONS: 3RD MOVEMENT OF WINTER,
"Concerto for Violin and Strings in G Minor, Op.8, No.2, R.315 ""L'estate"": Allegro",
"The Four Seasons, Concerto No. 1 in E Major, Op. 8 RV 269, ""La primavera"" (Spring): I. Allegro",
"The 4 Seasons: Concerto in F major, Op. 8, No. 3, RV 293, ""L'autunno"" (Autumn) (arr. A. Prado): I. Allegro",
"The Four Seasons, Concerto No. 3 in F Major, Op. 8 RV 293, ""L'autunno"" (Autumn): I Allegro",
"Die vier Jahreszeiten, Op. 8, Concerto No. 2 in G Minor, RV 315 ""Der Sommer"": II. Adagio e piano - Presto e forte",
"The Four Seasons - Violin Concerto in E Major, Op. 8, No. 1, RV 269 - ""Spring"": I. Allegro (Arranged for expanded Orchestra)",
"The Four Seasons, Autumn, Op. 8 - 3: I. Allegro (Ballo e Canto Villanelli)",
"The Four Seasons, Winter, Op. 8/4: II. Largo",
"The Four Seasons, Concerto in F Major, Op. 8 No. 3, RV 293 ""Autumn"": II. Adagio molto",
"The Four Seasons - Violin Concerto in E Major, Op. 8, No. 1, RV 269 - ""Spring"": II. Largo e pianissimo sempre (Arranged for expanded Orchestra)",
"The Four Seasons, Concerto No. 1 in E (La primavera/ Spring) RV269 (Op. 8 No. 1): III. Allegro",
"Le quattro stagioni, Violin Concerto No. 3 in F Major, RV 293 ""L'autumno"": III. Allegro",
"Le Quattro Stagioni, L'inverno, Concerto No. 4, in F minor: Allegro non molto",
"Violin Concerto No. 3 in F Major, Op. 8, RV 293 ""Automn"": II. Adagio molto",
"The Four Seasons, Violin Concerto No. 4 in F Minor, RV 297 ""Winter""",
"Concerto No. 1 in E major, Op. 8, RV 269, ""Spring"" (La primavera): Allegro pastorale",
"The Four Seasons, Violin Concerto in G Minor, Op. 8 No. 2, RV 315 ""Summer"": II. Adagio - Presto",
"The Four Seasons, Concerto No. 4 in F Minor, RV 297 ""L'inverno/Winter"": II. Largo",
"The Four Seasons, Concerto in E Major, Op. 8 No. 1, RV 269 ""Spring"": III. Danza pastorale. Allegro",
"The 4 Seasons: Violin Concerto in F Minor, Op. 8, No. 4, RV 297, ""L'inverno"" (Winter)",
The Four Seasons - Concerto No. 3 in F Major Op. 8 No. 3 RV293 'Autumn': III. Allegro,
"Concerto for Violin and Strings in G minor, Op. 8, No. 2, R. 315 - ""L'Estate"": III. Presto (Tempo impetuoso d'estate)",
"Concert No. 1 in E Major, Op. 8, RV 269, ""La primavera"" (Spring): I. Allegro",
"The Four Seasons, Concerto No. 4 in F Minor, RV 297 (Op.8 No. 4) 'L'inverno': II. Largo",
"The Four Seasons, Violin Concerto No. 1 in E Major, RV 269 ""La primavera"": I. Allegro",
"‘Le quattro stagioni’ (‘The Four Seasons’): Concerto, Op. 8 No. 4, RV 297 ‘L’inverno’ in F minor (‘Winter’): II. Largo",
"The Four Seasons - Violin Concerto in G Minor, Op. 8, No. 2, RV 315, ""Summer"": Presto",
L´Estate op. 8 No. 2: II. Adagio,
"Concerto No. 3 in F Major, Op. 8:I Allegro ""L'autunno"" (Autumn)",
"The Four Seasons - Violin Concerto in F Minor, Op. 8, No. 4, RV 297 - ""Winter"": III. Allegro (Arranged for expanded Orchestra)",
Le Quattro Stagioni (The Four Seasons): L'inverno (Winter): I. Allegro non molto,
"Concerto No. 3 In F Major, Op. 8, RV 293, ""L'autunno"" (Autumn): II. Adagio Molto",
"The Four Seasons, Violin Concerto in F Major, Op. 8 No. 3, RV 293 ""Autumn"": III. Allegro",
"The Four Seasons, Violin Concerto No. 4 in F Minor, RV 297 ""L'inverno"": II. Largo",
"The Four Seasons - Violin Concerto in F Minor, Op. 8, No. 4, RV 297 - ""Winter"": II. Largo (Arranged for expanded Orchestra)",
"Concerto para Violín No.2 in G Minor, Op. 8, RV 315 ""L'Estate"": I. Allegro non molto",
"Concerto No. 1 in E major, Op. 8, RV 269, ""Spring"" (La primavera): Largo e pianissimo sempre",
"Concerto in G Major for Violín, String Orchestra and Continuo, Op. 8, No. 2, RV 315, ""L'estate"" (Verano): II. Adagio",
"The Four Seasons - Violin Concerto in G Minor, Op. 8, No. 2, RV 269 - ""Summer"": I. Allegro non molto (Arranged for expanded Orchestra)",
"Concerto No.4 In F Minor, Rv 297: No. Ii: Largo",
"The four seasons, Autumn, Op. 8/3",
"L'Inverno Violin Concerto in F Minor, RV 297: I. Allegro non molto",
"Concerto in F minor, RV 297 L'Inverno - Allegro",
"The 4 Seasons: Violin Concerto in E major, Op. 8, No. 1, RV 269, ""La primavera"" (Spring): III. Allegro",
"Violin Concerto in F Major, RV 293: II. Adagio molto (arr. Sverre Indris Joner)",
"The 4 Seasons, Violin Concerto in F Major, Op. 8, No. 3, RV 293, ""L'autunno"": II. Adagio molto",
"Concerto Nr.3 In F Major, Op. 8, No. 3, RV 293 - ""L'autnno"" (""Atumn""):  III. Allegro",
"Le Quattro Stagioni. Four Concertos for Violin and String Orchestra (Four Seasons)), Op. 8: Concerto No. 4 in F minor L' Inverno. III. Allegro, RV 297",
"The Four Seasons, Concerto No. 2 in G Minor (L'estate - Summer), RV 315 (Op. 8, No. 2): III. Presto",
"Le quattro stagioni, Violin Concerto No. 1 in E Major, RV 269 ""La primavera"": II. Largo",
Concerto in G minor Op. 8 No. 2 'L’Estate ': III. Presto,
Winter ( L’Ineverno ) / Largo: Winter ( L’Ineverno ) / Largo,
"Concert No. 3 in F Major, Op. 8, RV 293, ""L'autunno - Danza pastorale"" (Autumn): I. Allegro",
"Le quattro stagione, Concerto No. 1 in E Major, RV 269 ""La primavera"": III. Allegro pastorale",
"Concerto Nr.2 In G Minor, Op. 8, No. 2, RV315 - ""L'estate"" (""Summer""): I. Allegro Non Molto",
"Le Quattro Stagioni, L'inverno, Concerto No. 4, in F minor: Allegro",
"The Four Seasons, Concerto in E Major, Op. 8 No. 1, RV 269 ""Spring"": I. Allegro",
"Concerto for Violin and Strings in F, Op. 8, No. 3, R. 293 - ""L'Autunno"": I. Allegro (Ballo, e canto de' villanelli)",
"Violin Concerto in G Minor, RV 315, ""Summer"" from ""The Four Seasons"": II. Adagio",
"The Four Seasons, Concerto No. 1 in E, RV 269 'La primavera': I. Allegro",
"Concerto No. 4 in F minor, Op. 8, RV 297, ""Winter"" (L'inverno): Allegro non molto",
"Concerto No. 3 in F Major, RV 293, 'L'autumno': I. Allegro",
"Concerto No. 3 in F Major: L'Autunno ('Autumn'), Op. 8, No. 3 / RV 293: I Allegro",
"The Four Seasons - Violin Concerto in F Major, Op. 8, No. 3, RV 293 - ""Autumn"": I. Allegro",
"Concerto in F Minor for Violín, String Orchestra and Continuo, Op. 8, No. 4, RV 297 ""L' inverno"" (Invierno): II. Largo",
"Concerto for Violin and Strings in E, Op. 8, No.1, R. 269 ""La Primavera""",
"Violin Concerto in F Minor, Op. 8 No. 4, RV 297 ""Winter"": II. Largo (Arr. Wessel van Rensburg)",
"Concerto for Violin and Strings in E, Op. 8, No. 1, R.269 ""La Primavera"": 3. Allegro (Danza pastorale)",
"The Four Seasons Concerto No. 1 In E Major, Op. 8: RV .269: `Spring` - III. Allegro",
"Concerto For Violin And Strings in F, Op. 8, No. 3, R.293 ""L'autunno"": 2. Adagio molto (Ubriachi dormienti)",
"Concerto for Violin and Strings in G minor, Op. 8, No. 2, R. 315 - ""L'estate""",
"Concerto No. 1 in E Major, RV 269, ''La primavera'': III. Allegro",
"Concerto No. 4 in F Minor, RV 297, 'L'inverno': III. Allegro",
"The Four Seasons, Concerto No. 2 in G Minor, RV 315, Op. 8 No. 2 ""Summer"": II. Adagio - Presto",
"Concert No. 1 in E Major, Op. 8, RV 269, ""La primavera"" (Spring): III. Allegro pastorale",
"Violin Concerto in F major, RV 293 'L'autunno' (""Autumn"")",
"The Four Seasons, Violin Concerto No. 2 in G Minor, RV 315 'L'estate': II. Adagio",
Autumn Op.8 RV 293,
"Le Quattro Stagioni. Four Concertos for Violin and String Orchestra (Four Seasons)), Op. 8: Concerto No. 4 in F minor L' Inverno. II. Largo, RV 297",
"The Four Seasons, Winter, Op. 8 - 4: 1st Mvt: Allegro non Molto",
"The Four Seasons, Summer, Op. 8 - 2: 3rd Mvt: Presto. Tempo Impettuoso D'Estate",
"The Four Seasons ""Summer"": Presto",
"Le quattro stagioni (The Four Seasons), Op. 8 - Concerto No. 1 in E Major, RV 269, ""La primavera"" (Spring): II. Largo e pianissimo sempre",
"The Four Seasons, Violin Concerto No. 4 in F Minor, RV 297 ""L'inverno"": I. Allegro non molto",
"The 4 Seasons: Concerto in G minor, Op. 8, No. 2, RV 315, ""L'estate"" (Summer) (arr. A. Prado): I. Allegro non molto - Allegro",
"The Four Seasons, Concerto No. 3 in F Major, Op. 8, RV 293 Autumn: II. Adagio molto",
"Le quattro stagione (The Four Seasons), Op. 8, Concerto No. 1 in E Major, RV 269 ""La primavera"" [Spring]: I. Allegro",
"Le quattro stagioni, Violin Concerto No. 4 in F Minor, RV 297 ""L'inverno"": III. Allegro",
"Concerto No. 4 In F Minor, Op. 8, RV 297, ""L'inverno"" (Winter): I. Allegro Non Molto",
"Violin concerto in F Major, ‘Autumn’, op.8 no.3, rv 293 - Allegro",
"The Four Seasons, Violin Concerto No. 1, RV 269 ""Spring"": No. 1 in E Major, Allegro, Extract (Arr. for Guitar by David Burden)",
"Dört Mevsim, Konçerto No. 1 in E Major, RV 269 ""İlkbahar""",
"The Four Seasons, Concerto No. 4 in F Minor, RV 297 ''L'inverno'': I. Allegro non molto",
"Konzert Nr. 2 g-moll op. 8, RV 315: 2. Adagio. Presto",
"The Four Seasons: Concerto No. 2 in G Minor, Op. 8, RV 315, L'estate ""Summer"": I. Allegro non molto",
"Concerto para Violín No.4 in F Minor, Op. 8, RV 297 ""L’Inverno"": III. Allegro",
"Concerto Nr.2 In G Minor, Op. 8, No. 2, RV315 - ""L'estate"" (""Summer""):  II. Adagio",
"Concerto in F Major for Violín, String Orchestra, and Continuo, Op. 8, No. 3, RV 293, ""L' autunno"" (Otoño): Adaigo Molto",
"Concerto No. 2 in G Minor, RV 315, 'L'estate': II. Adagio",
Spring ( La Primavera ) / Allegro: Spring ( La Primavera ) / Allegro,
"Violin Concerto No. 4 in F Minor, Op. 8, RV 297, ""L'inverno"": I. Allegro non molto (Live)",
"The Four Seasons, Concerto No. 4 in F Minor, Op. 8, RV 297 Winter: III. Allegro",
"‘Le quattro stagioni’ (‘The Four Seasons’): Concerto, Op. 8 No. 2, RV 315 ‘L’estate’ in G minor (‘Summer’): II. Adagio – Presto",
"The Four Seasons, Concerto No. 1 in E Major, RV 269 ""Spring""",
"Concerto in F minor, RV 297 L'Inverno - Largo",
"The Four Seasons - Violin Concerto in F Major, Op. 8, No. 3, RV 293 - ""Autumn"": III. Allegro (Arranged for expanded Orchestra)",
"Concerto for Violin and Strings in F Minor, Op. 8, No. 4, R.297 ""L'inverno"": 2. Largo",
"Concerto for Violin and STrings in E, Op. 8, No. 1, R. 269 - ""La Priavera"": III. Allegro (Danza pastorale)",
"Le quattro stagioni, Violin Concerto No. 2 in G Minor, RV 315 ""L'estate"": II. Adagio e piano - Presto e forte",
Sonetti Primavera / Estate,
"The Four Seasons ""Autumn"": Allegro",
"The Four Seasons - Violin Concerto in F Minor, RV 297 ""Winter"", Adapted for Violoncello: Largo",
"Violin Concerto No. 4 in F Minor, Op. 8, RV 297 ""Winter"": III. Allegro",
"The Four Seasons, Summer, Op. 8 - 2: 1st Mvt: Allegro non Molto",
"The Four Seasons, Concerto No. 2 in G Minor, RV 315 'L'estate': III. Presto",
"Concerto para Violín No.4 in F Minor, Op. 8, RV 297 ""L’Inverno"": I. Allegro non molto",
"Concerto No. 3 in F Major, RV 293, 'L'autumno': II. Adagio molto",
"The Four Seasons, Concerto No. 4 in F Minor (L'inverno - Winter), RV 297 (Op. 8, No. 4): I. Allegro non Molto",
"‘Le quattro stagioni’ (‘The Four Seasons’): Concerto, Op. 8 No. 2, RV 315 ‘L’estate’ in G minor (‘Summer’): III. Presto",
"Le quattro stagioni (The Four Seasons), Op. 8 - Concerto No. 4 in F Minor, RV 297, ""L'inverno"" (Winter): III. Allegro",
"Concerto No. 1 in E Major: La Primavera (‘Spring’), Op. 8, No. 1 / RV 269: I Allegro",
"The Four Seasons - Violin Concerto in F Minor, Op. 8, No. 4, RV 297 - ""Winter"": III. Allegro",
Concerto in F minor Op. 8 No. 4 ‘L’Inverno ’: I. Allegro non Molto,
Winter the second movement<four seasons >,
"Violin Concerto No. 2 in G Minor, RV 315: III. Presto",
Spring ( La Primavera ) / Largo e pianissimo sempre: Spring ( La Primavera ) / Largo e pianissimo sempre,
"The Four Seasons, Concerto No. 1 in E, RV 269 'La primavera/Spring' (Op.8 No. 1): II. Largo",
"The Four Seasons, Violin Concerto No. 4 in F Minor, RV 297 ""Winter"": I. Allegro non molto",
"Concerto in F minor, RV 297 L'Inverno - Allegro non molto",
"Four Seasons, Op.8, Winter: Allegro non molto",
"Concerto No. 3 in F major, Op. 8, RV 293, "" Vivaldi L'autunno"" (Autumn) II. Adagio molto",
"Konzert Nr. 4 f-moll op. 8, RV 297: 3. Allegro",
"Violin Concerto No. 1 in E Major, RV. 269 'Spring': II. Largo",
"The Four Seasons, Concerto No. 1 in E Major, RV 269 ""La primavera/Spring"": I. Allegro",
"Violin Concerto in E Major, RV 269, ""Spring"" from ""The Four Seasons"": III. Allegro",
"The Four Seasons, Violin Concerto, Op. 8 No. 1–4: Summer, RV 315, Presto",
"The Four Seasons - Violin Concerto in F Minor, Op. 8, No. 4, RV 297 - ""Winter"": I. Allegro non molto",
"The Four Seasons, Concerto No. 4 in F Minor, Op. 8 RV 297, ""L'inverno"" (Winter): I. Allegro non molto",
"The Four Seasons, Concerto No. 3 in F Major, RV 293, Op. 8 No. 3 ""Autumn"": I. Allegro",
"Violin Concerto No. 2 in G Minor, Op. 8 No. 2 'Summer': II Largo",
Concerto in G minor Op. 8 No. 2 'L’Estate ': II. Adagio,
"Concerto in C major Op. 8 No. 1 for Musette , Two Violins and Bass Continuo ‘La Primavera': III. Pastorello Allegro",
"The Four Seasons, Concerto No. 4 in F Minor (L'inverno - Winter), RV 297 (Op. 8, No. 4): III. Allegro",
La Primavera op. 8 No. 1: II. Largo e pianissimo,
"Violin Concerto in E Major, RV 269: II. Largo (arr. Sverre Indris Joner)",
Spring,
"Violin Concerto No. 2 in G Minor, RV 315: II. Adagio - Presto - Adagio - Presto -Adagio - Presto - Adagio - Presto",
"Konzert Nr. 3 F-Dur op. 8, RV 293: 2. Adagio Molto",
"Concerto No. 4 in F minor, Op. 8, RV 297, ""Winter"" (L'inverno): Allegro",
"The Four Seasons - Violin Concerto in E Major, RV 269, ""Spring"": III. Danza Pastorale (Allegro)",
"Dört Mevsim, Konçerto No. 3 in F Major, RV 293 ""Sonbahar""",
"Concerto No. 1 In e Major, Op. 8, RV 269, ""La Primavera"" (Spring): III. Allegro Pastorale",
"Concerto No. 4 in F Minor: L'Inverno ('Winter'), Op. 8, No. 4 / RV 297: I Allegro non molto",
"The Four Seasons - Violin Concerto in G Minor, Op. 8, No. 2, RV 269 - ""Summer"": II. Adagio - Presto",
"The Four Seasons, Concerto in F Major, RV 293 ""Autumn"": III. Allegro",
"The Four Seasons, Violin Concerto No. 4 in F Minor, RV 297 ""L'inverno"" (Arr. for Baroque Ensemble and Voices)",
"The Four Seasons: Violin Concerto In F Minor, RV 297, ""Winter"": II. Largo",
"Concerto in G minor, RV 315 L'Estate - Allegro non molto",
"Concerto No. 2 in G minor, Op. 8, RV 315, ""Summer"" (L'estate): Allegro non molto",
"The Four Seasons, Concerto No. 3 in F Major, Op. 8, RV 293 Autumn: I. Allegro",
﻿Violin Concerto Op.8 No.4 in f “L'Inverno” (Winter) RV 297: II. Largo,
"Violin Concerto in F minor, ‘Winter’, op.8 no.4, rv 297 - Largo",
"Concerto Nr.4 In F Minor Op. 8, No. 4, RV 297 - ""L'inverno"" (""Winter""):  III. Allegro",
"The Four Seasons - Violin Concerto in G Minor, RV 315 ""Summer"": III. Presto",
"Concerto No. 3 in F Major: L'Autunno ('Autumn'), Op. 8, No. 3 / RV 293: II Adagio molto",
"The four Seasons, Winter, Op. 8/4",
"Die vier Jahreszeiten, Op. 8, Concerto No. 3 in F Major, RV 293 ""Der Herbst"": I. Allegro",
"The Four Seasons, Concerto No. 4 in F Minor, RV 297, Op. 8 No. 4 ""Winter"": III. Allegro",
"The Four Seasons, Concerto for Violin, Strings and Continuo in F Major, No. 3, Op. 8, Rv 293, “l’ Autunno” (Autumn): III. Allegro",
"The 4 Seasons: Concerto in G minor, Op. 8, No. 2, RV 315, ""L'estate"" (Summer) (arr. A. Prado): III. Tempo impetuoso d'estate: Presto",
"The Four Seasons, Violin Concerto in E Major, Op. 8 No. 1, RV 269 ""Spring"": I. Allegro",
"Concerto in fa minore Op. 8, No. 4, RV 297, F. 1/25 (L'Inverno): II. Largo",
"Violin Concerto in e major, ‘Spring’, op.8 no.1, rv 269 - Largo",
"Concerto for Violin and Strings in G Minor, Op.8, No.2, R.315 ""L'estate"": 2. Adagio - Presto - Adagio",
"Concerto for Violin in F Minor, Op. 8, No 4, RV 297 - ""L'inverno"": II. Largo",
"Violin Concerto in F Minor, RV 297: II. Largo (arr. Sverre Indris Joner)",
"Concerto in E Major for Violín, String Orchestra and Continuo, Op. 8, No. 1, RV 269 ""La Primavera"" (Spring): III. Allegro Pastorale",
"Le quattro stagioni, Violin Concerto No. 1 in E Major, RV 269 ""La primavera"": III. Danza pastorale",
"Die vier Jahreszeiten, Op. 8, Concerto No. 3 in F Major, RV 293 ""Der Herbst"": III. Allegro",
"The Four Seasons - Violin Concerto in F Major, RV 293, ""Autumn"": III. Allegro",
The Four Seasons - Concerto No. 4 in F Minor Op. 8 No. 4 RV297 'Winter': II. Largo,
"Concerto in G Major for Violín, String Orchestra and Continuo, Op. 8, No. 2, RV 315, ""L'estate"" (Verano): I. Allegro Non Molto",
"The Four Seasons, Concerto No. 4 in F Minor, RV 297, Op. 8 No. 4 ""Winter"" (Arr. H. Oeler for Violin and Accordion)",
"The Four Seasons - Violin Concerto in G Minor, Op. 8, No. 2, RV 269 - ""Summer"": III. Presto",
"Concerto for Violin and Strings in F, Op. 8, No.3, R. 293 ""L'autunno""",
"The 4 Seasons: Concerto in F minor, Op. 8, No. 4, RV 297, ""L'inverno"" (Winter) (arr. A. Prado): I. Allegro non molto",
MOVEMENTS FROM THE FOUR SEASONS: 3RD MOVEMENT OF FALL,
"The Four Seasons, Concerto No. 1 in E (La primavera - Spring), RV 269 (Op. 8, No. 1): I. Allegro",
"Violin Concerto in E Major, RV 269, ""Spring"" from ""The Four Seasons"": II. Largo e pianissimo sempre",
Le Quattro Stagioni (The Four Seasons): L'inverno (Winter): III. Allegro,
"The Four Seasons, Concerto for Violin, Strings and Continuo in G Minor, No. 2, Op. 8, Rv 315, “l’ Estate” (Summer): I. Allegro Non Molto",
"Violin Concerto in E Major, RV 269: I. Allegro (arr. Sverre Indris Joner)",
"The Four Seasons, Violin Concerto No. 3 in F Major, RV 293 ""L'autunno"": I. Allegro",
"Concerto for Violin and Strings in F Minor, Op.8, No.4, R.297 ""L'inverno"": 3. Allegro",
"Il Cimento Dell'armonia E Dell'inventione, Concerto No. 4 Rv297: II. Largo ""L'inverno""",
Autumn the first movement<four seasons >,
"Concerto No. 1 in E Major: La Primavera (‘Spring’), Op. 8, No. 1 / RV 269: II Largo e pianissimo",
"The Four Seasons, Concerto No. 1 in E Major, RV 269 ""Spring"": III. Allegro pastorale",
"Concerto No.2 Summer, Presto",
"The Four Seasons, Concerto No. 4 in F Minor, RV 297 ""Winter"": III. Allegro",
"Le quattro stagioni (The Four Seasons), Op. 8 - Concerto No. 3 in F Major, RV 293, ""L'autunno"" (Autumn): III. La caccia: Allegro",
"Concerto in F major, RV 293 L'Autunno - Allegro",
"Le quattro stagioni (The Four Seasons), Op. 8 - Concerto No. 3 in F Major, RV 293, ""L'autunno"" (Autumn): I. Ballo e canto de villanelli: Allegro",
Le Quattro Stagioni (The Four Seasons): La primavera (Spring): III. Allegro pastorale,
"The Four Seasons, Concerto No. 3 in F Major, RV 293 ""Autumn"": III. Allegro (La caccia)",
"Concerto No.3 Autumn, Allegro",
"The Four Seasons, Violin Concerto in E Major, RV 269 ""Spring"": III. Allegro",
"The Four Seasons - Violin Concerto in F Minor, RV 297 ""Winter"", Adapted for Violoncello: Allegro",
"Die vier Jahreszeiten, Op. 8, Concerto No. 4 in F Minor, RV 297 ""Der Winter"": II. Largo",
"The Four Seasons, Violin Concerto No. 4 in F Minor, RV 297 ""L'inverno""",
"Violin Concerto No. 3 in F Major, Op. 8, RV 293 ""Automn"": I. Allegro",
The Four Season : Spring,
Spring from the Four Seasons,
"The Four Seasons - Violin Concerto in F Major, RV 293, ""Autumn"": I. Allegro",
"Concerto para Violín No.4 in F Minor, Op. 8, RV 297 ""L’Inverno"": II. Largo",
"The 4 Seasons: Concerto in F minor, Op. 8, No. 4, RV 297, ""L'inverno"" (Winter) (arr. A. Prado): II. Largo",
"Concerto para Violín No.2 in G Minor, Op. 8, RV 315 ""L'Estate"": III. Presto",
"The Four Seasons, Concerto No. 1 in E Major, RV 269 ""Spring"": I. Allegro",
"Concerto For Violin And Strings in E, Op. 8, No. 1, R.269 ""La Primavera"": 1. Allegro",
"Violin Concerto in F Major, RV 293, ""Autumn"" from ""The Four Seasons"": III. Allegro (La caccia)",
"Four Seasons, Op.8, Spring: Allegro",
"Concerto for Violin and Strings in F, Op. 8, No. 3, R. 293 - ""L'Autunno"": III. Allegro (La caccia)",
"Le quattro stagioni (The Four Seasons), Op. 8 - Concerto No. 3 in F Major, RV 293, ""L'autunno"" (Autumn): II. Dormienti ubriachi: Adagio molto",
"Concerto for Violin and Strings in F Minor, Op. 8, No. 4, R. 297 ""L'inverno"": III. Allegro",
"Violin Concerto in G Minor, ""Summer"", Op. 8 No. 2, RV 315: III. Presto",
"The Four Seasons, Violin Concerto, Op. 8 No. 1–4: Spring, RV 269, Largo e pianissimo sempre",
"The Four Seasons, Concerto in F Major, Op. 8 No. 3, RV 293 ""Autumn""",
"Concerto No. 1 in E major, Op. 8, RV 269, "" Vivaldi La primavera"" (Spring) II. Largo",
"The Four Seasons, Violin Concerto, Op. 8 No. 1–4: Winter, RV 297, Allegro",
"The Four Seasons Concerto No. 4 In F Minor, Op. 8 RV. 297 `Winter`: II. Largo",
"Concerto for Violin and Strings in G Minor, Op.8, No.2, R.315 ""L'estate""",
"The 4 Seasons: Violin Concerto in E major, Op. 8, No. 1, RV 269, ""La primavera"" (Spring): II. Largo",
"Concerto for Violin and Strings in F, Op.8, No.3, R.293 ""L'autunno"": 1. Allegro (Ballo, E Canto De' Villanelli)",
The Four Seasons - Concerto No. 2 in G Minor Op. 8 No. 2 RV315 'Summer': III. Presto,
"Concerto For Violin And Strings in F Minor, Op. 8, No. 4, R.297 ""L'inverno"": 3. Allegro",
"The Four Seasons, Concerto No. 3 in F Major (L'autunno - Autumn), RV 293 (Op. 8, No. 3): I. Allegro",
"The Four Seasons, Violin Concerto in E Major, RV 269 ""Spring"": II. Largo",
"Concerto No. 3 in F major, Op. 8, RV 293, ""Autumn"" (L'autunno): Allegro",
"Concerto for Violin and STrings in E, Op. 8, No. 1, R. 269 - ""La Priavera"": II. Largo",
"The Four Seasons, Concerto for Violin, Strings and Continuo in F Minor, No. 4, Op. 8, Rv 297, “l’ Inverno” (Winter): I. Allegro Non Molto",
"The Four Seasons, Concerto for Violin, Strings and Continuo in E Major, No. 1, Op. 8, Rv 269, “la Primavera” (Spring): III. Allegro Pastorale",
"The Four Seasons, Concerto No. 2 in G Minor, Op. 8, RV 315, Summer: II. Adagio - Presto",
"Violin Concerto No. 4 in F Minor, RV 297: II. Largo",
"Concerto For Violin And Strings In F Major, Op.8, No.3, RV 293 ""L'autunno"": 2. Adagio molto (Ubriachi dormienti)",
MOVEMENTS FROM THE FOUR SEASONS: 2ND MOVEMENT OF SUMMER,
"Concerto For Violin And Strings In F Minor, Op.8, No.4, RV 297 ""L'inverno""",
"Concerto For Violin And Strings In E Major, Op.8, No.1, RV 269 ""La Primavera"": 2. Largo",
"The Four Seasons, Concerto No. 3 in F Major, RV 293 ""Autumn""",
"The Four Seasons, Op. 8, RV. 297: II. Largo - Winter",
"The Four Seasons - Violin Concerto in F Major, Op. 8, No. 3, RV 293 - ""Autumn"": I. Allegro (Arranged for expanded Orchestra)",
"Violin Concerto in F Minor, ""Winter"", Op. 8 No. 4, RV 297: II. Largo",
"Dört Mevsim, Konçerto No. 2 in G Minor, RV 315 ""Yaz""",
"Concerto No. 2 In G Minor, Op. 8, RV 315, ""L'estate"" (Summer): II. Adagio e Piano - Presto e Forte",
"The Four Seasons, Concerto No. 1 in E Major, RV 269, Op. 8, No. 1 ""Spring"": I. Allegro",
"The Four Seasons, Concerto in F Minor, Op. 8 No. 4, RV 297 ""Winter"": II. Largo",
The Four Seasons - Concerto No. 4 in F Minor Op. 8 No. 4 RV297 'Winter': III. Allegro,
"The Four Seasons, Winter, Op. 8 - 4: 2nd Mvt: Largo",
"String Concert No.2 in G Minor, RV315 ""Summer"": III. Presto",
"Four Seasons, Op.8, Winter: Allegro",
La Primavera op. 8 No. 1: III. Allegro,
Le Quattro Stagioni (The Four Seasons): L'autunno (Autumn): II. Adagio molto,
"The 4 Seasons: Violin Concerto in E major, Op. 8, No. 1, RV 269, ""La primavera"" (Spring): I. Allegro",
"Konzert Nr. 3 F-Dur op. 8, RV 293: 3. Allegro",
"The Four Seasons, Concerto No. 3 in F Major, RV 293 ""Autumn"": I. Allegro (Ballo e canto de"" Villanelli)",
Summer ( L’ Estate ) / Allegro non molto - Allegro: Summer ( L’ Estate ) / Allegro non molto - Allegro,
"Vivaldi: Concerto for Violin and Strings in F minor, Op.8, No.4, R.297 ""L'inverno"" - 2. Largo",
Autumn ( L’Autunno ) / Allegro - Allegro assai: Autumn ( L’Autunno ) / Allegro - Allegro assai,
"Die vier Jahreszeiten, Op. 8, Concerto No. 3 in F Major, RV 293 ""Der Herbst"": II. Adagio molto",
"Le quattro stagioni, Violin Concerto No. 4 in F Minor, RV 297 ""L'inverno"": II. Largo",
"Concerto No.1 In e Major, Op. 8, No. 1, RV 269 - ""La Primavera"" (""Spring""): III. Allegro",
"Concerto No. 1 In e Major, Op. 8, RV 269, ""La Primavera"" (Spring): I. Allegro",
"The Four Seasons, Violin Concerto, Op. 8 No. 1–4: Winter, RV 297, Allegro non molto",
"The Four Seasons, Concerto No. 3 in F, RV 293 'L'autunno': III. Allegro",
"Concerto for Violin and Strings in F minor, Op. 8, No. 4, R. 297 - ""L'Inverno"": III. Allegro",
﻿Violin Concerto Op.8 No.2 in g “L'Estate” (Summer) RV 315: III. Presto,
"The Four Seasons, Concerto No. 3 in F Major, RV 293, Op. 8 No. 3 ""Autumn"" (Arr. H. Oeler for Violin and Accordion)",
"The Four Seasons, Concerto No. 4 in F Minor, Op. 8, RV 297, ""L'inverno"" (Winter): I. Allegro non molto",
"The Four Seasons, Autumn, Op. 8 - 3: II. Adagio",
1st. Classic Suite - Spring,
"Concerto for Violin and Strings in F Minor, Op. 8, No. 4, RV 297 ""L'inverno"" : 2. Largo",
"The 4 Seasons: Concerto in E major, Op. 8, No. 1, RV 269, ""La primavera"" (Spring) (arr. A. Prado): II. Largo e pianisimo sempre",
"The Four Seasons, Concerto No. 3 in F Major, RV 293, Op. 8 No. 3 ""Autumn"": III. Allegro",
"Concerto for Violin and Strings in F, Op. 8, No. 3, R.293 ""L'autunno"": 1. Allegro (Ballo, e canto de' villanelli)",
"Concerto For Violin And Strings In F Minor, Op.8, No.4, RV 297 ""L'inverno"": 3. Allegro",
"The Four Seasons -Violin Concerto in G Minor, RV 315, ""Summer""",
"Concerto for Violin and Strings in F minor, Op. 8, No. 4, R. 297 - ""L'Inverno"": II. Largo",
"The Four Seasons, Concerto No. 1 in E Major, Op. 8 No. 1, RV 269, 'Spring': I. Allegro",
"The Four Seasons - Violin Concerto in F Minor, Op. 8, No. 4, RV 297 - ""Winter"": I. Allegro non molto (Arranged for expanded Orchestra)",
﻿Violin Concerto Op.8 No.1 in E “La Primavera” (Spring) RV 269: I. Allegro,
"Concerto No. 1 in E Major, Op. 8 RV 269, ""La primavera"" (Spring): III. Allegro pastorale",
"Adagio from Autumn Concerto No. 3 in F Major RV 293 - The Four Seasons, Op. 8",
L´Estate op. 8 No. 2: I. Allegro mà non molto,
"Concerto For Violin And Strings In E Major, Op.8, No.1, RV 269 ""La Primavera"": 3. Allegro (Danza pastorale)",
"L'Estate Violin Concerto in G Minor, RV 315: III. Presto",
"The Four Seasons, Concerto No. 3 in F Major, Op. 8, RV 293 ""Autumn"": II. Adagio molto",
"The Four Seasons, Concerto No. 4 in F Minor, RV 297 ''L'inverno'': II. Largo",
"Violin Concerto in G Minor, RV 315: I. Allegro non molto (arr. Sverre Indris Joner)",
"Violin concerto in F Major, ‘Autumn’, op.8 no.3, rv 293 - Adagio molto",
"The Four Seasons, Spring, Op. 8/1: I. Allegro",
"Concerto in F Minor for Violin, String Orchestra and Continuo, Op. 8, No. 4, RV 297, ""L'inverno"" (Winter): I. Allegro non molto",
"Violin Concerto in F Major, RV 293: I. Allegro (arr. Sverre Indris Joner)",
"Largo aus ""Die vier Jahreszeiten""; Der Winter op. 8, Nr. 4",
"The Four Seasons, Violin Concerto No. 4 in F Minor, RV 297 ""Winter"": II. Largo",
"Concerto for Violin and Strings in F Minor, Op.8, No.4, R.297 ""L'inverno"": 2. Largo",
"The Four Seasons, Concerto in G Minor, Op. 8 No. 2, RV 315 ""Summer""",
"Violin Concerto No. 2 in G Minor, Op. 8, RV 315 ""Summer"": III. Presto",
"The Four Seasons, Summer, Op. 8 - 2: 2nd Mvt: Adagio",
"L'Estate Violin Concerto in G Minor, RV 315: I. Allegro non molto",
"Violin Concerto in G minor, ‘Summer’, op.8 no.2, rv 315 - Adagio",
"Concerto For Violin And Strings In F Minor, Op.8, No.4, RV 297 ""L'inverno"": 2. Largo",
Concerto in F major Op. 8 No. 3 ‘L’Autunno ’: II. Largo,
"Concert No. 2 in G Minor, Op. 8, RV 315, ""L'estate"" (Summer): III. Presto",
"Violin Concerto No. 2 in G Minor, RV 315: I. Allegro non molto - Allegro",
"Violin Concerto No. 4 in F Minor, RV 297: III. Allegro - Lento",
"Concerto in F Minor for Violín, String Orchestra and Continuo, Op. 8, No. 4, RV 297 ""L' inverno"" (Invierno): I. Allegro Non Molto",
"The Four Seasons, Concerto No. 4 in F Minor (L'inverno - Winter), RV 297 (Op. 8, No. 4): II. Largo",
"Four Seasons, Op.8, Spring: Largo",
"Concerto para Violín No.3 in F Major, Op. 8, RV 293 ""L’Autunno"": I. Allegro",
"Concerto No. 3 in F major, Op. 8, RV 293, "" Vivaldi L'autunno"" (Autumn) III. Allegro",
"The Four Seasons - Violin Concerto in G Minor, RV 315, ""Summer"": III. Presto",
"The Four Seasons, Concerto No. 4 in F Minor, Op. 8, RV 297, ""L'inverno"" (Winter)"" II. LargoThe Four Seasons, Concerto No. 1 in E Major, Op. 8, RV 269, ""La primavera"" (Spring): I. Allegro",
"‘Le quattro stagioni’ (‘The Four Seasons’): Concerto, Op. 8 No. 3, RV 293 ‘L’autunno’ in F major (‘Autumn’): I. Allegro",
"The Four Seasons, Violin Concerto, Op. 8 No. 1–4: Summer, RV 315, Adagio",
"Concerto in E Major for Violín, String Orchestra and Continuo, Op. 8, No. 1, RV 269 ""La Primavera"" (Spring): II. Largo",
"The Four Seasons, Concerto No. 2 in G Minor, RV 315 'L'estate': I. Allegro",
﻿Violin Concerto Op.8 No.1 in E “La Primavera” (Spring) RV 269: III. Allegro,
"Violin Concerto in G Minor, RV 315: II. Adagio e piano - Presto e forte (arr. Sverre Indris Joner)",
"The Four Seasons, Concerto No. 1 for Violin, Strings and Cembalo, in E Major, Op. 8, Spring: I. Allegro",
The Four Season: Summer: III. Presto,
L´Inverno op. 8 No. 4: I. Allegro non molto,
"The Four Seasons, Violin Concerto in F Major, Op. 8 No. 3, RV 293 ""Autumn"": I. Allegro",
"The Four Seasons, Concerto No. 3 in F, RV 293 'L'autunno': II. Adagio molto",
The Four Seasons - Concerto No. 1 in E Major Op. 8 No. 1 RV269 'Spring': III. Allegro,
"The 4 Seasons: Violin Concerto in F major, Op. 8, No. 3, RV 293, ""L'autunno"" (Autumn): III. Allegro",
Le Quattro Stagioni (The Four Seasons): L'estate (Summer): II. Adagio presto,
"Violin Concerto in F Minor, RV 297: III. Allegro (arr. Sverre Indris Joner)",
"Le quattro stagioni, Violin Concerto No. 1 in E Major, RV 269 ""La primavera"": I. Allegro",
"The Four Seasons ""Autumn"": Adagio",
"The Four Seasons, Concerto No. 2 in G Minor, RV 315, Op. 8 No. 2 ""Summer"": III. Presto",
"The four Seasons, Winter, Op. 8/4: I. Allegro non molto",
"Concert No. 4 in F Minor, Op. 8, RV 297, ""L'inverno"" (Winter): I. Allegro non molto",
"Violin Concerto in G Minor, RV 315, ""Summer"" from ""The Four Seasons"": I. Allegro non molto",
"Concerto para Violín No.1 in E Major, Op. 8, RV 269 - ""La Primavera""",
"Violin Concerto No. 3 in F Major, Op. 8, RV 293 ""Automn"": III. Allegro",
﻿Violin Concerto Op.8 No.2 in g “L'Estate” (Summer) RV 315: II. Adagio,
"The 4 Seasons: Concerto in E major, Op. 8, No. 1, RV 269, ""La primavera"" (Spring) (arr. A. Prado): III. Danza pastorale: Allegro",
"The Four Seasons, Violin Concerto in G Minor, RV 315, ""Summer"": III. Presto. Tempo impetuoso d'estate",
"Concerto for Violin and Strings in F Minor, Op. 8, No. 4, RV 297 ""L'inverno"": I. Allegro non molto - II. Largo - III. Allegro",
"The Four Seasons, Concerto in G Minor, Op. 8 No. 2, RV 315 ""Summer"": III. Presto",
The Four Seasons - Concerto No. 3 in F Major Op. 8 No. 3 RV293 'Autumn': II. Adagio molto,
"Violin Concerto in F Major, RV 293: III. Allegro ""Caccia"" (arr. Sverre Indris Joner)",
"The Four Seasons ""Winter"": Largo",
"The Four Seasons - Violin Concerto in G Minor, Op. 8, No. 2, RV 269 - ""Summer"": II. Adagio - Presto (Arranged for expanded Orchestra)",
Concerto in F minor Op. 8 No. 4 ‘L’Inverno ’: III. Allegro,
"Concerto No. 2 in G minor, Op. 8, RV 315, ""Summer"" (L'estate): Adagio e piano - Presto e forte",
"Le quattro stagioni, Concerto No. 1 in E Major, Op. 8, RV 269 ""Spring"": III. Allegro pastorale",
"Violin Concerto in G Minor, RV 315, ""Summer"" from ""The Four Seasons"": III. Presto. Tempo impettuoso d'estate",
"Violin Concerto in G Minor, RV 315: III. Presto (arr. Sverre Indris Joner)",
"Concerto No. 2 in G Minor: L'Estate ('Summer'), Op. 8, No. 2 / RV 315: I Allegro non molto – Allegro",
"The Four Seasons, Op. 8 – Violin Concerto No. 4 in F Minor, RV 297, “Winter” – Arranged for 2 violins and piano: I. Allegro non molto",
"Concert No. 3 in F Major, Op. 8, RV 293, ""L'autunno - Danza pastorale"" (Autumn): II. Adagio molto",
"Concerto para Violín No.3 in F Major, Op. 8, RV 293 - ""L’Autunno""",
"Concerto in F Minor for Violin, String Orchestra and Continuo, Op. 8, No. 4, RV 297, ""L'inverno"" (Winter): III. Allegro",
"Concerto No. 2 In G Minor, Op. 8, RV 315, ""L'estate"" (Summer): II. Adagio",
"The Four Seasons, Violin Concerto No. 2 in G Minor, RV 315 'L'estate': I. Allegro",
"The Four Seasons, Concerto in E Major, Op. 8 No. 1, RV 269 ""Spring"": II. Largo",
"The Four Seasons, Concerto No. 1 in E Major (La Primavera - Spring), RV 269 (Op. 8, No. 1): III. Allegro",
"The Four Seasons, Concerto in F Minor, Op. 8 No. 4, RV 297 ""Winter"": III. Allegro",
"Violin Concerto in F Minor, RV 297, ""Winter"" from ""The Four Seasons"": II. Largo",
The Four Season: Summer: II. Adagio - Presto,
"The Four Seasons, Concerto No. 1 in E, RV 269 'La primavera': III. Allegro",
"The Four Seasons, Concerto No. 1 in E Major, RV 269, Op. 8, No. 1 ""Spring"": III. Allegro pastorale",
"‘Le quattro stagioni’ (‘The Four Seasons’): Concerto, Op. 8 No. 4, RV 297 ‘L’inverno’ in F minor (‘Winter’): I. Allegro non molto",
"Concerto in C major Op. 8 No. 1 for Musette , Two Violins and Bass Continuo ‘La Primavera': I. Allegro",
"The Four Seasons, Concerto for Violin, Strings and Continuo in F Minor, No. 4, Op. 8, Rv 297, “l’ Inverno” (Winter): II. Largo",
"String Concert No.1 in E Major, RV269 ""Spring"": I. Allegro",
"Concerto para Violín No.1 in E Major, Op. 8, RV 269 ""La Primavera"": III. Allegro",
"The Four Seasons, Concerto No. 1 for Violin, Strings and Cembalo, in E Major, Op. 8, Spring",
"The Four Seasons, Violin Concerto No. 2 in G Minor, RV 315 'L'estate': III. Presto",
"Concerto for Violin and Strings in G Minor, Op.8, No.2, R.315 ""L'estate"": 3. Presto (Tempo Impetuoso D'estate)",
"The Four Seasons, Violin Concerto in F Major, Op. 8 No. 3, RV 293 ""Autumn"": II. Adagio molto",
"The Four Seasons, Concerto No. 1 in E, RV 269 'La primavera': II. Largo",
"The Four Seasons, Concerto No. 2 in G Minor, Op. 8, RV 315, ""L'estate"" (Summer): I. Allegro non molto",
"Concerto No. 3 in F Major, RV 293, 'L'autumno': III. Allegro",
"Concerto No.4 Winter, Allegro Non Molto",
"Concerto For Violin And Strings In E Major, Op.8, No.1, RV 269 ""La Primavera"": 1. Allegro",
"The 4 Seasons: Violin Concerto in E Major, Op. 8, No. 1, RV 269, ""La primavera"" (Spring)",
"The Four Seasons - Violin Concerto in F Major, Op. 8, No. 3, RV 293 - ""Autumn"": II. Adagio molto",
"The Four Seasons, Violin Concerto in F Minor, Op. 8 No. 4, RV 297 ""Winter"": I. Allegro non molto",
"Violin Concerto No. 1 in E Major, RV 269: III. Allegro",